<?xml version="1.0" encoding="UTF-8"?><metadata>
    <idinfo>
        <citation>
            <citeinfo>
                <title>Police_DISTRICT_2023</title>
                <geoform>vector digital data</geoform>
            </citeinfo>
        </citation>
        <descript>
            <abstract>This District boundary data shows the coverage areas of Baltimore City that BPD is responsible for by District. District boundaries are used to properly assign BPD District response for calls for service in public safety and are used within other BPD and City applications. There are nine (9) total Districts for this 2023 update to these boundaries, as follows: Central, Southeastern, Eastern, Northeastern, Northern, Northwestern, Western, Southwestern, Southern.</abstract>
            <purpose>This data represents the Baltimore City Police Department (BPD) District boundaries. The BPD District boundaries show the coverage areas of Baltimore City that BPD is responsible for by District, and are used for correct assignment of Districts for response to calls for service in public safety and other applications.</purpose>
        </descript>
        <spdom>
            <bounding>
                <westbc>-76.712000</westbc>
                <eastbc>-76.528947</eastbc>
                <northbc>39.372550</northbc>
                <southbc>39.197149</southbc>
            </bounding>
        </spdom>
        <keywords>
            <theme>
                <themekt>None</themekt>
                <themekey>Baltimore City Police Department</themekey>
                <themekey>BPD</themekey>
                <themekey>Police</themekey>
                <themekey>Police District</themekey>
                <themekey>District</themekey>
                <themekey>Boundary</themekey>
                <themekey>Boundaries</themekey>
                <themekey>Public Safety</themekey>
                <themekey>Geographic</themekey>
            </theme>
        </keywords>
        <accconst>None</accconst>
        <useconst/>
        <datacred>BPD Information Technology Division, Data Driven Services Division, BPD GIS. This data is current and has been put into effect in BPD’s and other City public safety operations on July 9, 2023. The data will be updated as needed. All reference to BPD responding District for 911 call for service data beginning at 7:00 a.m. on 7/9/23 should reference this District boundary data.</datacred>
        <native>Esri ArcGIS 13.1.0.41833</native>
    </idinfo>
    <spdoinfo>
        <direct>Vector</direct>
        <ptvctinf>
            <sdtsterm>
                <sdtstype>GT-polygon composed of chains</sdtstype>
                <ptvctcnt>0</ptvctcnt>
            </sdtsterm>
        </ptvctinf>
    </spdoinfo>
    <eainfo>
        <detailed>
            <enttyp>
                <enttypl>Police_Districts</enttypl>
            </enttyp>
            <attr>
                <attrlabl>OBJECTID</attrlabl>
                <attrdef>Internal feature number.</attrdef>
                <attrdefs>Esri</attrdefs>
                <attrdomv>
                                        
                    <udom>Sequential unique whole numbers that are automatically generated.</udom>
                                    
                </attrdomv>
            </attr>
            <attr>
                <attrlabl>SHAPE</attrlabl>
                <attrdef>Feature geometry.</attrdef>
                <attrdefs>Esri</attrdefs>
                <attrdomv>
                                        
                    <udom>Coordinates defining the features.</udom>
                                    
                </attrdomv>
            </attr>
            <attr>
                <attrlabl>DistrictNumber</attrlabl>
            </attr>
            <attr>
                <attrlabl>District</attrlabl>
            </attr>
            <attr>
                <attrlabl>Dist_Name</attrlabl>
            </attr>
            <attr>
                <attrlabl>DistrictName</attrlabl>
            </attr>
            <attr>
                <attrlabl>Dist_Abbr</attrlabl>
            </attr>
            <attr>
                <attrlabl>Dist_Alt</attrlabl>
            </attr>
            <attr>
                <attrlabl>Shape.STArea()</attrlabl>
            </attr>
            <attr>
                <attrlabl>Shape.STLength()</attrlabl>
            </attr>
        </detailed>
    </eainfo>
    <metainfo>
        <metd>20230708</metd>
        <metstdn>FGDC Content Standard for Digital Geospatial Metadata</metstdn>
        <metstdv>FGDC-STD-001-1998</metstdv>
        <mettc>local time</mettc>
    </metainfo>
</metadata>
